departure,arrival
guinea,guinea-bissau
guinea,guyana
guinea,haiti
guinea,honduras
guinea,hungary
guinea,iceland
guinea,india
guinea,indonesia
guinea,iran
guinea,iraq
guinea,israel
guinea,italy
guinea,jamaica
guinea,japan
guinea,jordan
guinea,kazakhstan
guinea,kenya
guinea,kiribati
guinea,kuwait
guinea,kyrgyzstan
guinea,latvia
guinea,lebanon
guinea,lesotho
guinea,liberia
guinea,libya
guinea,liechtenstein
guinea,lithuania
guinea,luxembourg
guinea,madagascar
guinea,malawi
guinea,malaysia
guinea,maldives
guinea,mali
guinea,malta
guinea,marshall islands
guinea,mauritania
guinea,mauritius
guinea,mexico
guinea,micronesia
guinea,monaco
guinea,mongolia
guinea,morocco
guinea,mozambique
guinea,myanmar
guinea,namibia
guinea,nauru
guinea,nepal
guinea,netherlands
guinea,new zealand
guinea,nicaragua
guinea,niger
guinea,nigeria
guinea,norway
guinea,pakistan
guinea,palau
guinea,panama
guinea,paraguay
guinea,peru
guinea,philippines
guinea,poland
guinea,portugal
guinea,qatar
guinea,moldova
guinea,romania
guinea,russia
guinea,rwanda
guinea,samoa
guinea,san marino
guinea,sao tome & principe
guinea,saudi arabia
guinea,senegal
guinea,seychelles
guinea,sierra leone
guinea,singapore
guinea,slovakia
guinea,slovenia
guinea,solomon islands
guinea,somalia
guinea,south africa
guinea,south sudan
guinea,spain
guinea,sri lanka
guinea,sudan
guinea,suriname
guinea,sweden
guinea,switzerland
guinea,tajikistan
guinea,thailand
guinea,timor-leste
guinea,togo
guinea,tonga
guinea,tunisia
guinea,turkey
guinea,turkmenistan
guinea,tuvalu
guinea,uganda
guinea,ukraine
guinea,united kingdom
guinea,tanzania
guinea,united states of america
guinea,uruguay
guinea,uzbekistan
guinea,vanuatu
guinea,venezuela
guinea,vietnam
guinea,zambia
guinea,zimbabwe
