,departure,arrival,continental
0,NE,NG,1
13,NE,RW,1
16,NE,ST,1
18,NE,SN,1
19,NE,SC,1
20,NE,SL,1
25,NE,SO,1
26,NE,ZA,1
27,NE,SS,1
30,NE,SD,1
37,NE,TG,1
43,NE,UG,1
46,NE,TZ,1
53,NE,ZM,1
54,NE,ZW,1
0,GN,GW,1
16,GN,KE,1
22,GN,LS,1
23,GN,LR,1
28,GN,MG,1
29,GN,MW,1
32,GN,ML,1
35,GN,MR,1
36,GN,MU,1
42,GN,MZ,1
44,GN,,1
51,GN,NG,1
65,GN,RW,1
68,GN,ST,1
70,GN,SN,1
71,GN,SC,1
72,GN,SL,1
77,GN,SO,1
78,GN,ZA,1
79,GN,SS,1
82,GN,SD,1
89,GN,TG,1
95,GN,UG,1
98,GN,TZ,1
105,GN,ZM,1
106,GN,ZW,1
0,AT,AZ,1
1,AT,BY,1
2,AT,BE,1
3,BA,AT,1
4,AT,BG,1
5,AT,HR,1
6,AT,CY,1
7,CZ,AT,1
8,AT,DK,1
9,AT,EG,1
10,AT,EE,1
11,AT,FI,1
12,AT,FR,1
13,AT,GE,1
14,AT,DE,1
15,AT,GR,1
16,AT,HU,1
17,AT,IS,1
18,AT,IT,1
19,AT,LV,1
20,AT,LY,1
21,AT,LI,1
22,AT,LT,1
23,AT,LU,1
24,AT,MT,1
25,AT,MC,1
26,AT,MA,1
27,AT,NL,1
28,AT,NO,1
29,AT,PL,1
30,AT,PT,1
31,AT,MD,1
32,AT,RO,1
33,AT,RU,1
34,AT,SM,1
35,AT,SK,1
36,AT,SI,1
37,AT,ES,1
38,AT,SE,1
39,AT,CH,1
40,AT,TN,1
41,AT,TR,1
42,AT,UA,1
43,AT,GB,1
44,AZ,BY,1
45,AZ,BE,1
46,BA,AZ,1
47,AZ,BG,1
48,AZ,HR,1
49,AZ,CY,1
50,CZ,AZ,1
51,AZ,DK,1
52,AZ,EG,1
53,AZ,EE,1
54,AZ,FI,1
55,AZ,FR,1
56,AZ,GE,1
57,AZ,DE,1
58,AZ,GR,1
59,AZ,HU,1
60,AZ,IS,1
61,AZ,IT,1
62,AZ,LV,1
63,AZ,LY,1
64,AZ,LI,1
65,AZ,LT,1
66,AZ,LU,1
67,AZ,MT,1
68,AZ,MC,1
69,AZ,MA,1
70,AZ,NL,1
71,AZ,NO,1
72,AZ,PL,1
73,AZ,PT,1
74,AZ,MD,1
75,AZ,RO,1
76,AZ,RU,1
77,AZ,SM,1
78,AZ,SK,1
79,AZ,SI,1
80,AZ,ES,1
81,AZ,SE,1
82,AZ,CH,1
83,AZ,TN,1
84,AZ,TR,1
85,AZ,UA,1
86,AZ,GB,1
87,BS,BB,1
88,BS,BZ,1
89,BS,CA,1
90,BS,CR,1
91,BS,CU,1
92,BS,DM,1
93,BS,SV,1
94,BS,GD,1
95,BS,GT,1
96,BS,HT,1
97,BS,HN,1
98,BS,JM,1
99,BS,MX,1
100,BS,NI,1
101,BS,PA,1
102,TT,BS,1
103,BS,US,1
104,BH,BD,1
105,BH,BT,1
106,BH,BN,1
107,BH,KH,1
108,BH,CN,1
109,BH,IN,1
110,BH,ID,1
111,BH,IR,1
112,BH,IQ,1
113,BH,IL,1
114,BH,JP,1
115,BH,JO,1
116,BH,KZ,1
117,BH,KW,1
118,BH,KG,1
119,LA,BH,1
120,BH,LB,1
121,BH,MY,1
122,BH,MV,1
123,BH,MN,1
124,BH,MM,1
125,BH,NP,1
126,BH,PK,1
127,BH,PH,1
128,BH,QA,1
129,KR,BH,1
130,BH,SA,1
131,BH,SG,1
132,BH,LK,1
133,BH,TJ,1
134,BH,TH,1
135,BH,TL,1
136,BH,TM,1
137,AE,BH,1
138,BH,UZ,1
139,BH,VN,1
140,BD,BT,1
141,BD,BN,1
142,BD,KH,1
143,BD,CN,1
144,BD,IN,1
145,BD,ID,1
146,BD,IR,1
147,BD,IQ,1
148,BD,IL,1
149,BD,JP,1
150,BD,JO,1
151,BD,KZ,1
152,BD,KW,1
153,BD,KG,1
154,LA,BD,1
155,BD,LB,1
156,BD,MY,1
157,BD,MV,1
158,BD,MN,1
159,BD,MM,1
160,BD,NP,1
161,BD,PK,1
162,BD,PH,1
163,BD,QA,1
164,KR,BD,1
165,BD,SA,1
166,BD,SG,1
167,BD,LK,1
168,BD,TJ,1
169,BD,TH,1
170,BD,TL,1
171,BD,TM,1
172,AE,BD,1
173,BD,UZ,1
174,BD,VN,1
175,BB,BZ,1
176,BB,CA,1
177,BB,CR,1
178,BB,CU,1
179,BB,DM,1
180,BB,SV,1
181,BB,GD,1
182,BB,GT,1
183,BB,HT,1
184,BB,HN,1
185,BB,JM,1
186,BB,MX,1
187,BB,NI,1
188,BB,PA,1
189,TT,BB,1
190,BB,US,1
191,BY,BE,1
192,BA,BY,1
193,BY,BG,1
194,BY,HR,1
195,BY,CY,1
196,CZ,BY,1
197,BY,DK,1
198,BY,EG,1
199,BY,EE,1
200,BY,FI,1
201,BY,FR,1
202,BY,GE,1
203,BY,DE,1
204,BY,GR,1
205,BY,HU,1
206,BY,IS,1
207,BY,IT,1
208,BY,LV,1
209,BY,LY,1
210,BY,LI,1
211,BY,LT,1
212,BY,LU,1
213,BY,MT,1
214,BY,MC,1
215,BY,MA,1
216,BY,NL,1
217,BY,NO,1
218,BY,PL,1
219,BY,PT,1
220,BY,MD,1
221,BY,RO,1
222,BY,RU,1
223,BY,SM,1
224,BY,SK,1
225,BY,SI,1
226,BY,ES,1
227,BY,SE,1
228,BY,CH,1
229,BY,TN,1
230,BY,TR,1
231,BY,UA,1
232,BY,GB,1
233,BA,BE,1
234,BE,BG,1
235,BE,HR,1
236,BE,CY,1
237,CZ,BE,1
238,BE,DK,1
239,BE,EG,1
240,BE,EE,1
241,BE,FI,1
242,BE,FR,1
243,BE,GE,1
244,BE,DE,1
245,BE,GR,1
246,BE,HU,1
247,BE,IS,1
248,BE,IT,1
249,BE,LV,1
250,BE,LY,1
251,BE,LI,1
252,BE,LT,1
253,BE,LU,1
254,BE,MT,1
255,BE,MC,1
256,BE,MA,1
257,BE,NL,1
258,BE,NO,1
259,BE,PL,1
260,BE,PT,1
261,BE,MD,1
262,BE,RO,1
263,BE,RU,1
264,BE,SM,1
265,BE,SK,1
266,BE,SI,1
267,BE,ES,1
268,BE,SE,1
269,BE,CH,1
270,BE,TN,1
271,BE,TR,1
272,BE,UA,1
273,BE,GB,1
274,BZ,CA,1
275,BZ,CR,1
276,BZ,CU,1
277,BZ,DM,1
278,BZ,SV,1
279,BZ,GD,1
280,BZ,GT,1
281,BZ,HT,1
282,BZ,HN,1
283,BZ,JM,1
284,BZ,MX,1
285,BZ,NI,1
286,BZ,PA,1
287,TT,BZ,1
288,BZ,US,1
289,BJ,BW,1
290,BJ,BF,1
291,BJ,BI,1
292,BJ,CM,1
293,BJ,CF,1
294,BJ,TD,1
295,BJ,KM,1
296,BJ,CG,1
297,CI,BJ,1
298,BJ,DJ,1
299,BJ,GQ,1
300,BJ,ER,1
301,BJ,ET,1
302,BJ,GA,1
303,BJ,GM,1
304,BJ,GH,1
305,BJ,KE,1
306,BJ,LS,1
307,BJ,LR,1
308,BJ,MG,1
309,BJ,MW,1
310,BJ,ML,1
311,BJ,MR,1
312,BJ,MU,1
313,BJ,MZ,1
314,BJ,,1
315,BJ,RW,1
316,BJ,ST,1
317,BJ,SN,1
318,BJ,SC,1
319,BJ,SL,1
320,BJ,SO,1
321,BJ,ZA,1
322,BJ,SS,1
323,BJ,SD,1
324,BJ,TG,1
325,BJ,UG,1
326,BJ,TZ,1
327,BJ,ZM,1
328,BJ,ZW,1
329,BT,BN,1
330,BT,KH,1
331,BT,CN,1
332,BT,IN,1
333,BT,ID,1
334,BT,IR,1
335,BT,IQ,1
336,BT,IL,1
337,BT,JP,1
338,BT,JO,1
339,BT,KZ,1
340,BT,KW,1
341,BT,KG,1
342,LA,BT,1
343,BT,LB,1
344,BT,MY,1
345,BT,MV,1
346,BT,MN,1
347,BT,MM,1
348,BT,NP,1
349,BT,PK,1
350,BT,PH,1
351,BT,QA,1
352,KR,BT,1
353,BT,SA,1
354,BT,SG,1
355,BT,LK,1
356,BT,TJ,1
357,BT,TH,1
358,BT,TL,1
359,BT,TM,1
360,AE,BT,1
361,BT,UZ,1
362,BT,VN,1
363,BO,BR,1
364,BO,CL,1
365,BO,CO,1
366,BO,EC,1
367,BO,GY,1
368,BO,PY,1
369,BO,PE,1
370,BO,SR,1
371,BO,UY,1
372,BO,VE,1
373,BA,BG,1
374,BA,HR,1
375,BA,CY,1
376,BA,CZ,1
377,BA,DK,1
378,BA,EG,1
379,BA,EE,1
380,BA,FI,1
381,BA,FR,1
382,BA,GE,1
383,BA,DE,1
384,BA,GR,1
385,BA,HU,1
386,BA,IS,1
387,BA,IT,1
388,BA,LV,1
389,BA,LY,1
390,BA,LI,1
391,BA,LT,1
392,BA,LU,1
393,BA,MT,1
394,BA,MC,1
395,BA,MA,1
396,BA,NL,1
397,BA,NO,1
398,BA,PL,1
399,BA,PT,1
400,BA,MD,1
401,BA,RO,1
402,BA,RU,1
403,BA,SM,1
404,BA,SK,1
405,BA,SI,1
406,BA,ES,1
407,BA,SE,1
408,BA,CH,1
409,BA,TN,1
410,BA,TR,1
411,BA,UA,1
412,BA,GB,1
413,BW,BF,1
414,BW,BI,1
415,BW,CM,1
416,BW,CF,1
417,BW,TD,1
418,BW,KM,1
419,BW,CG,1
420,CI,BW,1
421,BW,DJ,1
422,BW,GQ,1
423,BW,ER,1
424,BW,ET,1
425,BW,GA,1
426,BW,GM,1
427,BW,GH,1
428,BW,KE,1
429,BW,LS,1
430,BW,LR,1
431,BW,MG,1
432,BW,MW,1
433,BW,ML,1
434,BW,MR,1
435,BW,MU,1
436,BW,MZ,1
437,BW,,1
438,BW,RW,1
439,BW,ST,1
440,BW,SN,1
441,BW,SC,1
442,BW,SL,1
443,BW,SO,1
444,BW,ZA,1
445,BW,SS,1
446,BW,SD,1
447,BW,TG,1
448,BW,UG,1
449,BW,TZ,1
450,BW,ZM,1
451,BW,ZW,1
452,BR,CL,1
453,BR,CO,1
454,BR,EC,1
455,BR,GY,1
456,BR,PY,1
457,BR,PE,1
458,BR,SR,1
459,BR,UY,1
460,BR,VE,1
461,BN,KH,1
462,BN,CN,1
463,BN,IN,1
464,BN,ID,1
465,BN,IR,1
466,BN,IQ,1
467,BN,IL,1
468,BN,JP,1
469,BN,JO,1
470,BN,KZ,1
471,BN,KW,1
472,BN,KG,1
473,LA,BN,1
474,BN,LB,1
475,BN,MY,1
476,BN,MV,1
477,BN,MN,1
478,BN,MM,1
479,BN,NP,1
480,BN,PK,1
481,BN,PH,1
482,BN,QA,1
483,KR,BN,1
484,BN,SA,1
485,BN,SG,1
486,BN,LK,1
487,BN,TJ,1
488,BN,TH,1
489,BN,TL,1
490,BN,TM,1
491,AE,BN,1
492,BN,UZ,1
493,BN,VN,1
494,BG,HR,1
495,BG,CY,1
496,CZ,BG,1
497,BG,DK,1
498,BG,EG,1
499,BG,EE,1
500,BG,FI,1
501,BG,FR,1
502,BG,GE,1
503,BG,DE,1
504,BG,GR,1
505,BG,HU,1
506,BG,IS,1
507,BG,IT,1
508,BG,LV,1
509,BG,LY,1
510,BG,LI,1
511,BG,LT,1
512,BG,LU,1
513,BG,MT,1
514,BG,MC,1
515,BG,MA,1
516,BG,NL,1
517,BG,NO,1
518,BG,PL,1
519,BG,PT,1
520,BG,MD,1
521,BG,RO,1
522,BG,RU,1
523,BG,SM,1
524,BG,SK,1
525,BG,SI,1
526,BG,ES,1
527,BG,SE,1
528,BG,CH,1
529,BG,TN,1
530,BG,TR,1
531,BG,UA,1
532,BG,GB,1
533,BF,BI,1
534,BF,CM,1
535,BF,CF,1
536,BF,TD,1
537,BF,KM,1
538,BF,CG,1
539,CI,BF,1
540,BF,DJ,1
541,BF,GQ,1
542,BF,ER,1
543,BF,ET,1
544,BF,GA,1
545,BF,GM,1
546,BF,GH,1
547,BF,KE,1
548,BF,LS,1
549,BF,LR,1
550,BF,MG,1
551,BF,MW,1
552,BF,ML,1
553,BF,MR,1
554,BF,MU,1
555,BF,MZ,1
556,BF,,1
557,BF,RW,1
558,BF,ST,1
559,BF,SN,1
560,BF,SC,1
561,BF,SL,1
562,BF,SO,1
563,BF,ZA,1
564,BF,SS,1
565,BF,SD,1
566,BF,TG,1
567,BF,UG,1
568,BF,TZ,1
569,BF,ZM,1
570,BF,ZW,1
571,BI,CM,1
572,BI,CF,1
573,BI,TD,1
574,BI,KM,1
575,BI,CG,1
576,CI,BI,1
577,BI,DJ,1
578,BI,GQ,1
579,BI,ER,1
580,BI,ET,1
581,BI,GA,1
582,BI,GM,1
583,BI,GH,1
584,BI,KE,1
585,BI,LS,1
586,BI,LR,1
587,BI,MG,1
588,BI,MW,1
589,BI,ML,1
590,BI,MR,1
591,BI,MU,1
592,BI,MZ,1
593,BI,,1
594,BI,RW,1
595,BI,ST,1
596,BI,SN,1
597,BI,SC,1
598,BI,SL,1
599,BI,SO,1
600,BI,ZA,1
601,BI,SS,1
602,BI,SD,1
603,BI,TG,1
604,BI,UG,1
605,BI,TZ,1
606,BI,ZM,1
607,BI,ZW,1
608,KH,CN,1
609,KH,IN,1
610,KH,ID,1
611,KH,IR,1
612,KH,IQ,1
613,KH,IL,1
614,KH,JP,1
615,KH,JO,1
616,KH,KZ,1
617,KH,KW,1
618,KH,KG,1
619,LA,KH,1
620,KH,LB,1
621,KH,MY,1
622,KH,MV,1
623,KH,MN,1
624,KH,MM,1
625,KH,NP,1
626,KH,PK,1
627,KH,PH,1
628,KH,QA,1
629,KR,KH,1
630,KH,SA,1
631,KH,SG,1
632,KH,LK,1
633,KH,TJ,1
634,KH,TH,1
635,KH,TL,1
636,KH,TM,1
637,AE,KH,1
638,KH,UZ,1
639,KH,VN,1
640,CM,CF,1
641,CM,TD,1
642,CM,KM,1
643,CM,CG,1
644,CI,CM,1
645,CM,DJ,1
646,CM,GQ,1
647,CM,ER,1
648,CM,ET,1
649,CM,GA,1
650,CM,GM,1
651,CM,GH,1
652,CM,KE,1
653,CM,LS,1
654,CM,LR,1
655,CM,MG,1
656,CM,MW,1
657,CM,ML,1
658,CM,MR,1
659,CM,MU,1
660,CM,MZ,1
661,CM,,1
662,CM,RW,1
663,CM,ST,1
664,CM,SN,1
665,CM,SC,1
666,CM,SL,1
667,CM,SO,1
668,CM,ZA,1
669,CM,SS,1
670,CM,SD,1
671,CM,TG,1
672,CM,UG,1
673,CM,TZ,1
674,CM,ZM,1
675,CM,ZW,1
676,CA,CR,1
677,CA,CU,1
678,CA,DM,1
679,CA,SV,1
680,CA,GD,1
681,CA,GT,1
682,CA,HT,1
683,CA,HN,1
684,CA,JM,1
685,CA,MX,1
686,CA,NI,1
687,CA,PA,1
688,TT,CA,1
689,CA,US,1
690,CF,TD,1
691,CF,KM,1
692,CF,CG,1
693,CI,CF,1
694,CF,DJ,1
695,CF,GQ,1
696,CF,ER,1
697,CF,ET,1
698,CF,GA,1
699,CF,GM,1
700,CF,GH,1
701,CF,KE,1
702,CF,LS,1
703,CF,LR,1
704,CF,MG,1
705,CF,MW,1
706,CF,ML,1
707,CF,MR,1
708,CF,MU,1
709,CF,MZ,1
710,CF,,1
711,CF,RW,1
712,CF,ST,1
713,CF,SN,1
714,CF,SC,1
715,CF,SL,1
716,CF,SO,1
717,CF,ZA,1
718,CF,SS,1
719,CF,SD,1
720,CF,TG,1
721,CF,UG,1
722,CF,TZ,1
723,CF,ZM,1
724,CF,ZW,1
725,TD,KM,1
726,TD,CG,1
727,CI,TD,1
728,TD,DJ,1
729,TD,GQ,1
730,TD,ER,1
731,TD,ET,1
732,TD,GA,1
733,TD,GM,1
734,TD,GH,1
735,TD,KE,1
736,TD,LS,1
737,TD,LR,1
738,TD,MG,1
739,TD,MW,1
740,TD,ML,1
741,TD,MR,1
742,TD,MU,1
743,TD,MZ,1
744,TD,,1
745,TD,RW,1
746,TD,ST,1
747,TD,SN,1
748,TD,SC,1
749,TD,SL,1
750,TD,SO,1
751,TD,ZA,1
752,TD,SS,1
753,TD,SD,1
754,TD,TG,1
755,TD,UG,1
756,TD,TZ,1
757,TD,ZM,1
758,TD,ZW,1
759,CL,CO,1
760,CL,EC,1
761,CL,GY,1
762,CL,PY,1
763,CL,PE,1
764,CL,SR,1
765,CL,UY,1
766,CL,VE,1
767,CN,IN,1
768,CN,ID,1
769,CN,IR,1
770,CN,IQ,1
771,CN,IL,1
772,CN,JP,1
773,CN,JO,1
774,CN,KZ,1
775,CN,KW,1
776,CN,KG,1
777,LA,CN,1
778,CN,LB,1
779,CN,MY,1
780,CN,MV,1
781,CN,MN,1
782,CN,MM,1
783,CN,NP,1
784,CN,PK,1
785,CN,PH,1
786,CN,QA,1
787,KR,CN,1
788,CN,SA,1
789,CN,SG,1
790,CN,LK,1
791,CN,TJ,1
792,CN,TH,1
793,CN,TL,1
794,CN,TM,1
795,AE,CN,1
796,CN,UZ,1
797,CN,VN,1
798,CO,EC,1
799,CO,GY,1
800,CO,PY,1
801,CO,PE,1
802,CO,SR,1
803,CO,UY,1
804,CO,VE,1
805,KM,CG,1
806,CI,KM,1
807,KM,DJ,1
808,KM,GQ,1
809,KM,ER,1
810,KM,ET,1
811,KM,GA,1
812,KM,GM,1
813,KM,GH,1
814,KM,KE,1
815,KM,LS,1
816,KM,LR,1
817,KM,MG,1
818,KM,MW,1
819,KM,ML,1
820,KM,MR,1
821,KM,MU,1
822,KM,MZ,1
823,KM,,1
824,KM,RW,1
825,KM,ST,1
826,KM,SN,1
827,KM,SC,1
828,KM,SL,1
829,KM,SO,1
830,KM,ZA,1
831,KM,SS,1
832,KM,SD,1
833,KM,TG,1
834,KM,UG,1
835,KM,TZ,1
836,KM,ZM,1
837,KM,ZW,1
838,CI,CG,1
839,CG,DJ,1
840,CG,GQ,1
841,CG,ER,1
842,CG,ET,1
843,CG,GA,1
844,CG,GM,1
845,CG,GH,1
846,CG,KE,1
847,CG,LS,1
848,CG,LR,1
849,CG,MG,1
850,CG,MW,1
851,CG,ML,1
852,CG,MR,1
853,CG,MU,1
854,CG,MZ,1
855,CG,,1
856,CG,RW,1
857,CG,ST,1
858,CG,SN,1
859,CG,SC,1
860,CG,SL,1
861,CG,SO,1
862,CG,ZA,1
863,CG,SS,1
864,CG,SD,1
865,CG,TG,1
866,CG,UG,1
867,CG,TZ,1
868,CG,ZM,1
869,CG,ZW,1
870,CR,CU,1
871,CR,DM,1
872,CR,SV,1
873,CR,GD,1
874,CR,GT,1
875,CR,HT,1
876,CR,HN,1
877,CR,JM,1
878,CR,MX,1
879,CR,NI,1
880,CR,PA,1
881,TT,CR,1
882,CR,US,1
883,CI,DJ,1
884,CI,GQ,1
885,CI,ER,1
886,CI,ET,1
887,CI,GA,1
888,CI,GM,1
889,CI,GH,1
890,CI,KE,1
891,CI,LS,1
892,CI,LR,1
893,CI,MG,1
894,CI,MW,1
895,CI,ML,1
896,CI,MR,1
897,CI,MU,1
898,CI,MZ,1
899,CI,,1
900,CI,RW,1
901,CI,ST,1
902,CI,SN,1
903,CI,SC,1
904,CI,SL,1
905,CI,SO,1
906,CI,ZA,1
907,CI,SS,1
908,CI,SD,1
909,CI,TG,1
910,CI,UG,1
911,CI,TZ,1
912,CI,ZM,1
913,CI,ZW,1
914,HR,CY,1
915,CZ,HR,1
916,HR,DK,1
917,HR,EG,1
918,HR,EE,1
919,HR,FI,1
920,HR,FR,1
921,HR,GE,1
922,HR,DE,1
923,HR,GR,1
924,HR,HU,1
925,HR,IS,1
926,HR,IT,1
927,HR,LV,1
928,HR,LY,1
929,HR,LI,1
930,HR,LT,1
931,HR,LU,1
932,HR,MT,1
933,HR,MC,1
934,HR,MA,1
935,HR,NL,1
936,HR,NO,1
937,HR,PL,1
938,HR,PT,1
939,HR,MD,1
940,HR,RO,1
941,HR,RU,1
942,HR,SM,1
943,HR,SK,1
944,HR,SI,1
945,HR,ES,1
946,HR,SE,1
947,HR,CH,1
948,HR,TN,1
949,HR,TR,1
950,HR,UA,1
951,HR,GB,1
952,CU,DM,1
953,CU,SV,1
954,CU,GD,1
955,CU,GT,1
956,CU,HT,1
957,CU,HN,1
958,CU,JM,1
959,CU,MX,1
960,CU,NI,1
961,CU,PA,1
962,TT,CU,1
963,CU,US,1
964,CZ,CY,1
965,CY,DK,1
966,CY,EG,1
967,CY,EE,1
968,CY,FI,1
969,CY,FR,1
970,CY,GE,1
971,CY,DE,1
972,CY,GR,1
973,CY,HU,1
974,CY,IS,1
975,CY,IT,1
976,CY,LV,1
977,CY,LY,1
978,CY,LI,1
979,CY,LT,1
980,CY,LU,1
981,CY,MT,1
982,CY,MC,1
983,CY,MA,1
984,CY,NL,1
985,CY,NO,1
986,CY,PL,1
987,CY,PT,1
988,CY,MD,1
989,CY,RO,1
990,CY,RU,1
991,CY,SM,1
992,CY,SK,1
993,CY,SI,1
994,CY,ES,1
995,CY,SE,1
996,CY,CH,1
997,CY,TN,1
998,CY,TR,1
999,CY,UA,1
1000,CY,GB,1
1001,CZ,DK,1
1002,CZ,EG,1
1003,CZ,EE,1
1004,CZ,FI,1
1005,CZ,FR,1
1006,CZ,GE,1
1007,CZ,DE,1
1008,CZ,GR,1
1009,CZ,HU,1
1010,CZ,IS,1
1011,CZ,IT,1
1012,CZ,LV,1
1013,CZ,LY,1
1014,CZ,LI,1
1015,CZ,LT,1
1016,CZ,LU,1
1017,CZ,MT,1
1018,CZ,MC,1
1019,CZ,MA,1
1020,CZ,NL,1
1021,CZ,NO,1
1022,CZ,PL,1
1023,CZ,PT,1
1024,CZ,MD,1
1025,CZ,RO,1
1026,CZ,RU,1
1027,CZ,SM,1
1028,CZ,SK,1
1029,CZ,SI,1
1030,CZ,ES,1
1031,CZ,SE,1
1032,CZ,CH,1
1033,CZ,TN,1
1034,CZ,TR,1
1035,CZ,UA,1
1036,CZ,GB,1
1037,DK,EG,1
1038,DK,EE,1
1039,DK,FI,1
1040,DK,FR,1
1041,DK,GE,1
1042,DK,DE,1
1043,DK,GR,1
1044,DK,HU,1
1045,DK,IS,1
1046,DK,IT,1
1047,DK,LV,1
1048,DK,LY,1
1049,DK,LI,1
1050,DK,LT,1
1051,DK,LU,1
1052,DK,MT,1
1053,DK,MC,1
1054,DK,MA,1
1055,DK,NL,1
1056,DK,NO,1
1057,DK,PL,1
1058,DK,PT,1
1059,DK,MD,1
1060,DK,RO,1
1061,DK,RU,1
1062,DK,SM,1
1063,DK,SK,1
1064,DK,SI,1
1065,DK,ES,1
1066,DK,SE,1
1067,DK,CH,1
1068,DK,TN,1
1069,DK,TR,1
1070,DK,UA,1
1071,DK,GB,1
1072,DJ,GQ,1
1073,DJ,ER,1
1074,DJ,ET,1
1075,DJ,GA,1
1076,DJ,GM,1
1077,DJ,GH,1
1078,DJ,KE,1
1079,DJ,LS,1
1080,DJ,LR,1
1081,DJ,MG,1
1082,DJ,MW,1
1083,DJ,ML,1
1084,DJ,MR,1
1085,DJ,MU,1
1086,DJ,MZ,1
1087,DJ,,1
1088,DJ,RW,1
1089,DJ,ST,1
1090,DJ,SN,1
1091,DJ,SC,1
1092,DJ,SL,1
1093,DJ,SO,1
1094,DJ,ZA,1
1095,DJ,SS,1
1096,DJ,SD,1
1097,DJ,TG,1
1098,DJ,UG,1
1099,DJ,TZ,1
1100,DJ,ZM,1
1101,DJ,ZW,1
1102,DM,SV,1
1103,DM,GD,1
1104,DM,GT,1
1105,DM,HT,1
1106,DM,HN,1
1107,DM,JM,1
1108,DM,MX,1
1109,DM,NI,1
1110,DM,PA,1
1111,TT,DM,1
1112,DM,US,1
1113,EC,GY,1
1114,EC,PY,1
1115,EC,PE,1
1116,EC,SR,1
1117,EC,UY,1
1118,EC,VE,1
1119,EG,EE,1
1120,EG,FI,1
1121,EG,FR,1
1122,EG,GE,1
1123,EG,DE,1
1124,EG,GR,1
1125,EG,HU,1
1126,EG,IS,1
1127,EG,IT,1
1128,EG,LV,1
1129,EG,LY,1
1130,EG,LI,1
1131,EG,LT,1
1132,EG,LU,1
1133,EG,MT,1
1134,EG,MC,1
1135,EG,MA,1
1136,EG,NL,1
1137,EG,NO,1
1138,EG,PL,1
1139,EG,PT,1
1140,EG,MD,1
1141,EG,RO,1
1142,EG,RU,1
1143,EG,SM,1
1144,EG,SK,1
1145,EG,SI,1
1146,EG,ES,1
1147,EG,SE,1
1148,EG,CH,1
1149,EG,TN,1
1150,EG,TR,1
1151,EG,UA,1
1152,EG,GB,1
1153,SV,GD,1
1154,SV,GT,1
1155,SV,HT,1
1156,SV,HN,1
1157,SV,JM,1
1158,SV,MX,1
1159,SV,NI,1
1160,SV,PA,1
1161,TT,SV,1
1162,SV,US,1
1163,GQ,ER,1
1164,GQ,ET,1
1165,GQ,GA,1
1166,GQ,GM,1
1167,GQ,GH,1
1168,GQ,KE,1
1169,GQ,LS,1
1170,GQ,LR,1
1171,GQ,MG,1
1172,GQ,MW,1
1173,GQ,ML,1
1174,GQ,MR,1
1175,GQ,MU,1
1176,GQ,MZ,1
1177,GQ,,1
1178,GQ,RW,1
1179,GQ,ST,1
1180,GQ,SN,1
1181,GQ,SC,1
1182,GQ,SL,1
1183,GQ,SO,1
1184,GQ,ZA,1
1185,GQ,SS,1
1186,GQ,SD,1
1187,GQ,TG,1
1188,GQ,UG,1
1189,GQ,TZ,1
1190,GQ,ZM,1
1191,GQ,ZW,1
1192,ER,ET,1
1193,ER,GA,1
1194,ER,GM,1
1195,ER,GH,1
1196,ER,KE,1
1197,ER,LS,1
1198,ER,LR,1
1199,ER,MG,1
1200,ER,MW,1
1201,ER,ML,1
1202,ER,MR,1
1203,ER,MU,1
1204,ER,MZ,1
1205,ER,,1
1206,ER,RW,1
1207,ER,ST,1
1208,ER,SN,1
1209,ER,SC,1
1210,ER,SL,1
1211,ER,SO,1
1212,ER,ZA,1
1213,ER,SS,1
1214,ER,SD,1
1215,ER,TG,1
1216,ER,UG,1
1217,ER,TZ,1
1218,ER,ZM,1
1219,ER,ZW,1
1220,EE,FI,1
1221,EE,FR,1
1222,EE,GE,1
1223,EE,DE,1
1224,EE,GR,1
1225,EE,HU,1
1226,EE,IS,1
1227,EE,IT,1
1228,EE,LV,1
1229,EE,LY,1
1230,EE,LI,1
1231,EE,LT,1
1232,EE,LU,1
1233,EE,MT,1
1234,EE,MC,1
1235,EE,MA,1
1236,EE,NL,1
1237,EE,NO,1
1238,EE,PL,1
1239,EE,PT,1
1240,EE,MD,1
1241,EE,RO,1
1242,EE,RU,1
1243,EE,SM,1
1244,EE,SK,1
1245,EE,SI,1
1246,EE,ES,1
1247,EE,SE,1
1248,EE,CH,1
1249,EE,TN,1
1250,EE,TR,1
1251,EE,UA,1
1252,EE,GB,1
1253,ET,GA,1
1254,ET,GM,1
1255,ET,GH,1
1256,ET,KE,1
1257,ET,LS,1
1258,ET,LR,1
1259,ET,MG,1
1260,ET,MW,1
1261,ET,ML,1
1262,ET,MR,1
1263,ET,MU,1
1264,ET,MZ,1
1265,ET,,1
1266,ET,RW,1
1267,ET,ST,1
1268,ET,SN,1
1269,ET,SC,1
1270,ET,SL,1
1271,ET,SO,1
1272,ET,ZA,1
1273,ET,SS,1
1274,ET,SD,1
1275,ET,TG,1
1276,ET,UG,1
1277,ET,TZ,1
1278,ET,ZM,1
1279,ET,ZW,1
1280,FJ,KI,1
1281,FJ,MH,1
1282,FJ,FM,1
1283,FJ,NR,1
1284,FJ,NZ,1
1285,FJ,PW,1
1286,PG,FJ,1
1287,FJ,WS,1
1288,FJ,SB,1
1289,FJ,TO,1
1290,FJ,TV,1
1291,FJ,VU,1
1292,FI,FR,1
1293,FI,GE,1
1294,FI,DE,1
1295,FI,GR,1
1296,FI,HU,1
1297,FI,IS,1
1298,FI,IT,1
1299,FI,LV,1
1300,FI,LY,1
1301,FI,LI,1
1302,FI,LT,1
1303,FI,LU,1
1304,FI,MT,1
1305,FI,MC,1
1306,FI,MA,1
1307,FI,NL,1
1308,FI,NO,1
1309,FI,PL,1
1310,FI,PT,1
1311,FI,MD,1
1312,FI,RO,1
1313,FI,RU,1
1314,FI,SM,1
1315,FI,SK,1
1316,FI,SI,1
1317,FI,ES,1
1318,FI,SE,1
1319,FI,CH,1
1320,FI,TN,1
1321,FI,TR,1
1322,FI,UA,1
1323,FI,GB,1
1324,FR,GE,1
1325,FR,DE,1
1326,FR,GR,1
1327,FR,HU,1
1328,FR,IS,1
1329,FR,IT,1
1330,FR,LV,1
1331,FR,LY,1
1332,FR,LI,1
1333,FR,LT,1
1334,FR,LU,1
1335,FR,MT,1
1336,FR,MC,1
1337,FR,MA,1
1338,FR,NL,1
1339,FR,NO,1
1340,FR,PL,1
1341,FR,PT,1
1342,FR,MD,1
1343,FR,RO,1
1344,FR,RU,1
1345,FR,SM,1
1346,FR,SK,1
1347,FR,SI,1
1348,FR,ES,1
1349,FR,SE,1
1350,FR,CH,1
1351,FR,TN,1
1352,FR,TR,1
1353,FR,UA,1
1354,FR,GB,1
1355,GA,GM,1
1356,GA,GH,1
1357,GA,KE,1
1358,GA,LS,1
1359,GA,LR,1
1360,GA,MG,1
1361,GA,MW,1
1362,GA,ML,1
1363,GA,MR,1
1364,GA,MU,1
1365,GA,MZ,1
1366,GA,,1
1367,GA,RW,1
1368,GA,ST,1
1369,GA,SN,1
1370,GA,SC,1
1371,GA,SL,1
1372,GA,SO,1
1373,GA,ZA,1
1374,GA,SS,1
1375,GA,SD,1
1376,GA,TG,1
1377,GA,UG,1
1378,GA,TZ,1
1379,GA,ZM,1
1380,GA,ZW,1
1381,GM,GH,1
1382,GM,KE,1
1383,GM,LS,1
1384,GM,LR,1
1385,GM,MG,1
1386,GM,MW,1
1387,GM,ML,1
1388,GM,MR,1
1389,GM,MU,1
1390,GM,MZ,1
1391,GM,,1
1392,GM,RW,1
1393,GM,ST,1
1394,GM,SN,1
1395,GM,SC,1
1396,GM,SL,1
1397,GM,SO,1
1398,GM,ZA,1
1399,GM,SS,1
1400,GM,SD,1
1401,GM,TG,1
1402,GM,UG,1
1403,GM,TZ,1
1404,GM,ZM,1
1405,GM,ZW,1
1406,GE,DE,1
1407,GE,GR,1
1408,GE,HU,1
1409,GE,IS,1
1410,GE,IT,1
1411,GE,LV,1
1412,GE,LY,1
1413,GE,LI,1
1414,GE,LT,1
1415,GE,LU,1
1416,GE,MT,1
1417,GE,MC,1
1418,GE,MA,1
1419,GE,NL,1
1420,GE,NO,1
1421,GE,PL,1
1422,GE,PT,1
1423,GE,MD,1
1424,GE,RO,1
1425,GE,RU,1
1426,GE,SM,1
1427,GE,SK,1
1428,GE,SI,1
1429,GE,ES,1
1430,GE,SE,1
1431,GE,CH,1
1432,GE,TN,1
1433,GE,TR,1
1434,GE,UA,1
1435,GE,GB,1
1436,DE,GR,1
1437,DE,HU,1
1438,DE,IS,1
1439,DE,IT,1
1440,DE,LV,1
1441,DE,LY,1
1442,DE,LI,1
1443,DE,LT,1
1444,DE,LU,1
1445,DE,MT,1
1446,DE,MC,1
1447,DE,MA,1
1448,DE,NL,1
1449,DE,NO,1
1450,DE,PL,1
1451,DE,PT,1
1452,DE,MD,1
1453,DE,RO,1
1454,DE,RU,1
1455,DE,SM,1
1456,DE,SK,1
1457,DE,SI,1
1458,DE,ES,1
1459,DE,SE,1
1460,DE,CH,1
1461,DE,TN,1
1462,DE,TR,1
1463,DE,UA,1
1464,DE,GB,1
1465,GH,KE,1
1466,GH,LS,1
1467,GH,LR,1
1468,GH,MG,1
1469,GH,MW,1
1470,GH,ML,1
1471,GH,MR,1
1472,GH,MU,1
1473,GH,MZ,1
1474,GH,,1
1475,GH,RW,1
1476,GH,ST,1
1477,GH,SN,1
1478,GH,SC,1
1479,GH,SL,1
1480,GH,SO,1
1481,GH,ZA,1
1482,GH,SS,1
1483,GH,SD,1
1484,GH,TG,1
1485,GH,UG,1
1486,GH,TZ,1
1487,GH,ZM,1
1488,GH,ZW,1
1489,GR,HU,1
1490,GR,IS,1
1491,GR,IT,1
1492,GR,LV,1
1493,GR,LY,1
1494,GR,LI,1
1495,GR,LT,1
1496,GR,LU,1
1497,GR,MT,1
1498,GR,MC,1
1499,GR,MA,1
1500,GR,NL,1
1501,GR,NO,1
1502,GR,PL,1
1503,GR,PT,1
1504,GR,MD,1
1505,GR,RO,1
1506,GR,RU,1
1507,GR,SM,1
1508,GR,SK,1
1509,GR,SI,1
1510,GR,ES,1
1511,GR,SE,1
1512,GR,CH,1
1513,GR,TN,1
1514,GR,TR,1
1515,GR,UA,1
1516,GR,GB,1
1517,GD,GT,1
1518,GD,HT,1
1519,GD,HN,1
1520,GD,JM,1
1521,GD,MX,1
1522,GD,NI,1
1523,GD,PA,1
1524,TT,GD,1
1525,GD,US,1
1526,GT,HT,1
1527,GT,HN,1
1528,GT,JM,1
1529,GT,MX,1
1530,GT,NI,1
1531,GT,PA,1
1532,TT,GT,1
1533,GT,US,1
1534,GY,PY,1
1535,GY,PE,1
1536,GY,SR,1
1537,GY,UY,1
1538,GY,VE,1
1539,HT,HN,1
1540,HT,JM,1
1541,HT,MX,1
1542,HT,NI,1
1543,HT,PA,1
1544,TT,HT,1
1545,HT,US,1
1546,HN,JM,1
1547,HN,MX,1
1548,HN,NI,1
1549,HN,PA,1
1550,TT,HN,1
1551,HN,US,1
1552,HU,IS,1
1553,HU,IT,1
1554,HU,LV,1
1555,HU,LY,1
1556,HU,LI,1
1557,HU,LT,1
1558,HU,LU,1
1559,HU,MT,1
1560,HU,MC,1
1561,HU,MA,1
1562,HU,NL,1
1563,HU,NO,1
1564,HU,PL,1
1565,HU,PT,1
1566,HU,MD,1
1567,HU,RO,1
1568,HU,RU,1
1569,HU,SM,1
1570,HU,SK,1
1571,HU,SI,1
1572,HU,ES,1
1573,HU,SE,1
1574,HU,CH,1
1575,HU,TN,1
1576,HU,TR,1
1577,HU,UA,1
1578,HU,GB,1
1579,IS,IT,1
1580,IS,LV,1
1581,IS,LY,1
1582,IS,LI,1
1583,IS,LT,1
1584,IS,LU,1
1585,IS,MT,1
1586,IS,MC,1
1587,IS,MA,1
1588,IS,NL,1
1589,IS,NO,1
1590,IS,PL,1
1591,IS,PT,1
1592,IS,MD,1
1593,IS,RO,1
1594,IS,RU,1
1595,IS,SM,1
1596,IS,SK,1
1597,IS,SI,1
1598,IS,ES,1
1599,IS,SE,1
1600,IS,CH,1
1601,IS,TN,1
1602,IS,TR,1
1603,IS,UA,1
1604,IS,GB,1
1605,IN,ID,1
1606,IN,IR,1
1607,IN,IQ,1
1608,IN,IL,1
1609,IN,JP,1
1610,IN,JO,1
1611,IN,KZ,1
1612,IN,KW,1
1613,IN,KG,1
1614,LA,IN,1
1615,IN,LB,1
1616,IN,MY,1
1617,IN,MV,1
1618,IN,MN,1
1619,IN,MM,1
1620,IN,NP,1
1621,IN,PK,1
1622,IN,PH,1
1623,IN,QA,1
1624,KR,IN,1
1625,IN,SA,1
1626,IN,SG,1
1627,IN,LK,1
1628,IN,TJ,1
1629,IN,TH,1
1630,IN,TL,1
1631,IN,TM,1
1632,AE,IN,1
1633,IN,UZ,1
1634,IN,VN,1
1635,ID,IR,1
1636,ID,IQ,1
1637,ID,IL,1
1638,ID,JP,1
1639,ID,JO,1
1640,ID,KZ,1
1641,ID,KW,1
1642,ID,KG,1
1643,LA,ID,1
1644,ID,LB,1
1645,ID,MY,1
1646,ID,MV,1
1647,ID,MN,1
1648,ID,MM,1
1649,ID,NP,1
1650,ID,PK,1
1651,ID,PH,1
1652,ID,QA,1
1653,KR,ID,1
1654,ID,SA,1
1655,ID,SG,1
1656,ID,LK,1
1657,ID,TJ,1
1658,ID,TH,1
1659,ID,TL,1
1660,ID,TM,1
1661,AE,ID,1
1662,ID,UZ,1
1663,ID,VN,1
1664,IR,IQ,1
1665,IR,IL,1
1666,IR,JP,1
1667,IR,JO,1
1668,IR,KZ,1
1669,IR,KW,1
1670,IR,KG,1
1671,LA,IR,1
1672,IR,LB,1
1673,IR,MY,1
1674,IR,MV,1
1675,IR,MN,1
1676,IR,MM,1
1677,IR,NP,1
1678,IR,PK,1
1679,IR,PH,1
1680,IR,QA,1
1681,KR,IR,1
1682,IR,SA,1
1683,IR,SG,1
1684,IR,LK,1
1685,IR,TJ,1
1686,IR,TH,1
1687,IR,TL,1
1688,IR,TM,1
1689,AE,IR,1
1690,IR,UZ,1
1691,IR,VN,1
1692,IQ,IL,1
1693,IQ,JP,1
1694,IQ,JO,1
1695,IQ,KZ,1
1696,IQ,KW,1
1697,IQ,KG,1
1698,LA,IQ,1
1699,IQ,LB,1
1700,IQ,MY,1
1701,IQ,MV,1
1702,IQ,MN,1
1703,IQ,MM,1
1704,IQ,NP,1
1705,IQ,PK,1
1706,IQ,PH,1
1707,IQ,QA,1
1708,KR,IQ,1
1709,IQ,SA,1
1710,IQ,SG,1
1711,IQ,LK,1
1712,IQ,TJ,1
1713,IQ,TH,1
1714,IQ,TL,1
1715,IQ,TM,1
1716,AE,IQ,1
1717,IQ,UZ,1
1718,IQ,VN,1
1719,IL,JP,1
1720,IL,JO,1
1721,IL,KZ,1
1722,IL,KW,1
1723,IL,KG,1
1724,LA,IL,1
1725,IL,LB,1
1726,IL,MY,1
1727,IL,MV,1
1728,IL,MN,1
1729,IL,MM,1
1730,IL,NP,1
1731,IL,PK,1
1732,IL,PH,1
1733,IL,QA,1
1734,KR,IL,1
1735,IL,SA,1
1736,IL,SG,1
1737,IL,LK,1
1738,IL,TJ,1
1739,IL,TH,1
1740,IL,TL,1
1741,IL,TM,1
1742,AE,IL,1
1743,IL,UZ,1
1744,IL,VN,1
1745,IT,LV,1
1746,IT,LY,1
1747,IT,LI,1
1748,IT,LT,1
1749,IT,LU,1
1750,IT,MT,1
1751,IT,MC,1
1752,IT,MA,1
1753,IT,NL,1
1754,IT,NO,1
1755,IT,PL,1
1756,IT,PT,1
1757,IT,MD,1
1758,IT,RO,1
1759,IT,RU,1
1760,IT,SM,1
1761,IT,SK,1
1762,IT,SI,1
1763,IT,ES,1
1764,IT,SE,1
1765,IT,CH,1
1766,IT,TN,1
1767,IT,TR,1
1768,IT,UA,1
1769,IT,GB,1
1770,JM,MX,1
1771,JM,NI,1
1772,JM,PA,1
1773,TT,JM,1
1774,JM,US,1
1775,JP,JO,1
1776,JP,KZ,1
1777,JP,KW,1
1778,JP,KG,1
1779,LA,JP,1
1780,JP,LB,1
1781,JP,MY,1
1782,JP,MV,1
1783,JP,MN,1
1784,JP,MM,1
1785,JP,NP,1
1786,JP,PK,1
1787,JP,PH,1
1788,JP,QA,1
1789,KR,JP,1
1790,JP,SA,1
1791,JP,SG,1
1792,JP,LK,1
1793,JP,TJ,1
1794,JP,TH,1
1795,JP,TL,1
1796,JP,TM,1
1797,AE,JP,1
1798,JP,UZ,1
1799,JP,VN,1
1800,JO,KZ,1
1801,JO,KW,1
1802,JO,KG,1
1803,LA,JO,1
1804,JO,LB,1
1805,JO,MY,1
1806,JO,MV,1
1807,JO,MN,1
1808,JO,MM,1
1809,JO,NP,1
1810,JO,PK,1
1811,JO,PH,1
1812,JO,QA,1
1813,KR,JO,1
1814,JO,SA,1
1815,JO,SG,1
1816,JO,LK,1
1817,JO,TJ,1
1818,JO,TH,1
1819,JO,TL,1
1820,JO,TM,1
1821,AE,JO,1
1822,JO,UZ,1
1823,JO,VN,1
1824,KZ,KW,1
1825,KZ,KG,1
1826,LA,KZ,1
1827,KZ,LB,1
1828,KZ,MY,1
1829,KZ,MV,1
1830,KZ,MN,1
1831,KZ,MM,1
1832,KZ,NP,1
1833,KZ,PK,1
1834,KZ,PH,1
1835,KZ,QA,1
1836,KR,KZ,1
1837,KZ,SA,1
1838,KZ,SG,1
1839,KZ,LK,1
1840,KZ,TJ,1
1841,KZ,TH,1
1842,KZ,TL,1
1843,KZ,TM,1
1844,AE,KZ,1
1845,KZ,UZ,1
1846,KZ,VN,1
1847,KE,LS,1
1848,KE,LR,1
1849,KE,MG,1
1850,KE,MW,1
1851,KE,ML,1
1852,KE,MR,1
1853,KE,MU,1
1854,KE,MZ,1
1855,KE,,1
1856,KE,RW,1
1857,KE,ST,1
1858,KE,SN,1
1859,KE,SC,1
1860,KE,SL,1
1861,KE,SO,1
1862,KE,ZA,1
1863,KE,SS,1
1864,KE,SD,1
1865,KE,TG,1
1866,KE,UG,1
1867,KE,TZ,1
1868,KE,ZM,1
1869,KE,ZW,1
1870,KI,MH,1
1871,KI,FM,1
1872,KI,NR,1
1873,KI,NZ,1
1874,KI,PW,1
1875,PG,KI,1
1876,KI,WS,1
1877,KI,SB,1
1878,KI,TO,1
1879,KI,TV,1
1880,KI,VU,1
1881,KW,KG,1
1882,LA,KW,1
1883,KW,LB,1
1884,KW,MY,1
1885,KW,MV,1
1886,KW,MN,1
1887,KW,MM,1
1888,KW,NP,1
1889,KW,PK,1
1890,KW,PH,1
1891,KW,QA,1
1892,KR,KW,1
1893,KW,SA,1
1894,KW,SG,1
1895,KW,LK,1
1896,KW,TJ,1
1897,KW,TH,1
1898,KW,TL,1
1899,KW,TM,1
1900,AE,KW,1
1901,KW,UZ,1
1902,KW,VN,1
1903,LA,KG,1
1904,KG,LB,1
1905,KG,MY,1
1906,KG,MV,1
1907,KG,MN,1
1908,KG,MM,1
1909,KG,NP,1
1910,KG,PK,1
1911,KG,PH,1
1912,KG,QA,1
1913,KR,KG,1
1914,KG,SA,1
1915,KG,SG,1
1916,KG,LK,1
1917,KG,TJ,1
1918,KG,TH,1
1919,KG,TL,1
1920,KG,TM,1
1921,AE,KG,1
1922,KG,UZ,1
1923,KG,VN,1
1924,LA,LB,1
1925,LA,MY,1
1926,LA,MV,1
1927,LA,MN,1
1928,LA,MM,1
1929,LA,NP,1
1930,LA,PK,1
1931,LA,PH,1
1932,LA,QA,1
1933,KR,LA,1
1934,LA,SA,1
1935,LA,SG,1
1936,LA,LK,1
1937,LA,TJ,1
1938,LA,TH,1
1939,LA,TL,1
1940,LA,TM,1
1941,LA,AE,1
1942,LA,UZ,1
1943,LA,VN,1
1944,LV,LY,1
1945,LV,LI,1
1946,LV,LT,1
1947,LV,LU,1
1948,LV,MT,1
1949,LV,MC,1
1950,LV,MA,1
1951,LV,NL,1
1952,LV,NO,1
1953,LV,PL,1
1954,LV,PT,1
1955,LV,MD,1
1956,LV,RO,1
1957,LV,RU,1
1958,LV,SM,1
1959,LV,SK,1
1960,LV,SI,1
1961,LV,ES,1
1962,LV,SE,1
1963,LV,CH,1
1964,LV,TN,1
1965,LV,TR,1
1966,LV,UA,1
1967,LV,GB,1
1968,LB,MY,1
1969,LB,MV,1
1970,LB,MN,1
1971,LB,MM,1
1972,LB,NP,1
1973,LB,PK,1
1974,LB,PH,1
1975,LB,QA,1
1976,KR,LB,1
1977,LB,SA,1
1978,LB,SG,1
1979,LB,LK,1
1980,LB,TJ,1
1981,LB,TH,1
1982,LB,TL,1
1983,LB,TM,1
1984,AE,LB,1
1985,LB,UZ,1
1986,LB,VN,1
1987,LS,LR,1
1988,LS,MG,1
1989,LS,MW,1
1990,LS,ML,1
1991,LS,MR,1
1992,LS,MU,1
1993,LS,MZ,1
1994,LS,,1
1995,LS,RW,1
1996,LS,ST,1
1997,LS,SN,1
1998,LS,SC,1
1999,LS,SL,1
2000,LS,SO,1
2001,LS,ZA,1
2002,LS,SS,1
2003,LS,SD,1
2004,LS,TG,1
2005,LS,UG,1
2006,LS,TZ,1
2007,LS,ZM,1
2008,LS,ZW,1
2009,LR,MG,1
2010,LR,MW,1
2011,LR,ML,1
2012,LR,MR,1
2013,LR,MU,1
2014,LR,MZ,1
2015,LR,,1
2016,LR,RW,1
2017,LR,ST,1
2018,LR,SN,1
2019,LR,SC,1
2020,LR,SL,1
2021,LR,SO,1
2022,LR,ZA,1
2023,LR,SS,1
2024,LR,SD,1
2025,LR,TG,1
2026,LR,UG,1
2027,LR,TZ,1
2028,LR,ZM,1
2029,LR,ZW,1
2030,LY,LI,1
2031,LY,LT,1
2032,LY,LU,1
2033,LY,MT,1
2034,LY,MC,1
2035,LY,MA,1
2036,LY,NL,1
2037,LY,NO,1
2038,LY,PL,1
2039,LY,PT,1
2040,LY,MD,1
2041,LY,RO,1
2042,LY,RU,1
2043,LY,SM,1
2044,LY,SK,1
2045,LY,SI,1
2046,LY,ES,1
2047,LY,SE,1
2048,LY,CH,1
2049,LY,TN,1
2050,LY,TR,1
2051,LY,UA,1
2052,LY,GB,1
2053,LI,LT,1
2054,LI,LU,1
2055,LI,MT,1
2056,LI,MC,1
2057,LI,MA,1
2058,LI,NL,1
2059,LI,NO,1
2060,LI,PL,1
2061,LI,PT,1
2062,LI,MD,1
2063,LI,RO,1
2064,LI,RU,1
2065,LI,SM,1
2066,LI,SK,1
2067,LI,SI,1
2068,LI,ES,1
2069,LI,SE,1
2070,LI,CH,1
2071,LI,TN,1
2072,LI,TR,1
2073,LI,UA,1
2074,LI,GB,1
2075,LT,LU,1
2076,LT,MT,1
2077,LT,MC,1
2078,LT,MA,1
2079,LT,NL,1
2080,LT,NO,1
2081,LT,PL,1
2082,LT,PT,1
2083,LT,MD,1
2084,LT,RO,1
2085,LT,RU,1
2086,LT,SM,1
2087,LT,SK,1
2088,LT,SI,1
2089,LT,ES,1
2090,LT,SE,1
2091,LT,CH,1
2092,LT,TN,1
2093,LT,TR,1
2094,LT,UA,1
2095,LT,GB,1
2096,LU,MT,1
2097,LU,MC,1
2098,LU,MA,1
2099,LU,NL,1
2100,LU,NO,1
2101,LU,PL,1
2102,LU,PT,1
2103,LU,MD,1
2104,LU,RO,1
2105,LU,RU,1
2106,LU,SM,1
2107,LU,SK,1
2108,LU,SI,1
2109,LU,ES,1
2110,LU,SE,1
2111,LU,CH,1
2112,LU,TN,1
2113,LU,TR,1
2114,LU,UA,1
2115,LU,GB,1
2116,MG,MW,1
2117,MG,ML,1
2118,MG,MR,1
2119,MG,MU,1
2120,MG,MZ,1
2121,MG,,1
2122,MG,RW,1
2123,MG,ST,1
2124,MG,SN,1
2125,MG,SC,1
2126,MG,SL,1
2127,MG,SO,1
2128,MG,ZA,1
2129,MG,SS,1
2130,MG,SD,1
2131,MG,TG,1
2132,MG,UG,1
2133,MG,TZ,1
2134,MG,ZM,1
2135,MG,ZW,1
2136,MW,ML,1
2137,MW,MR,1
2138,MW,MU,1
2139,MW,MZ,1
2140,MW,,1
2141,MW,RW,1
2142,MW,ST,1
2143,MW,SN,1
2144,MW,SC,1
2145,MW,SL,1
2146,MW,SO,1
2147,MW,ZA,1
2148,MW,SS,1
2149,MW,SD,1
2150,MW,TG,1
2151,MW,UG,1
2152,MW,TZ,1
2153,MW,ZM,1
2154,MW,ZW,1
2155,MY,MV,1
2156,MY,MN,1
2157,MY,MM,1
2158,MY,NP,1
2159,MY,PK,1
2160,MY,PH,1
2161,MY,QA,1
2162,KR,MY,1
2163,MY,SA,1
2164,MY,SG,1
2165,MY,LK,1
2166,MY,TJ,1
2167,MY,TH,1
2168,MY,TL,1
2169,MY,TM,1
2170,AE,MY,1
2171,MY,UZ,1
2172,MY,VN,1
2173,MV,MN,1
2174,MV,MM,1
2175,MV,NP,1
2176,MV,PK,1
2177,MV,PH,1
2178,MV,QA,1
2179,KR,MV,1
2180,MV,SA,1
2181,MV,SG,1
2182,MV,LK,1
2183,MV,TJ,1
2184,MV,TH,1
2185,MV,TL,1
2186,MV,TM,1
2187,AE,MV,1
2188,MV,UZ,1
2189,MV,VN,1
2190,ML,MR,1
2191,ML,MU,1
2192,ML,MZ,1
2193,ML,,1
2194,ML,RW,1
2195,ML,ST,1
2196,ML,SN,1
2197,ML,SC,1
2198,ML,SL,1
2199,ML,SO,1
2200,ML,ZA,1
2201,ML,SS,1
2202,ML,SD,1
2203,ML,TG,1
2204,ML,UG,1
2205,ML,TZ,1
2206,ML,ZM,1
2207,ML,ZW,1
2208,MT,MC,1
2209,MT,MA,1
2210,MT,NL,1
2211,MT,NO,1
2212,MT,PL,1
2213,MT,PT,1
2214,MT,MD,1
2215,MT,RO,1
2216,MT,RU,1
2217,MT,SM,1
2218,MT,SK,1
2219,MT,SI,1
2220,MT,ES,1
2221,MT,SE,1
2222,MT,CH,1
2223,MT,TN,1
2224,MT,TR,1
2225,MT,UA,1
2226,MT,GB,1
2227,MH,FM,1
2228,MH,NR,1
2229,MH,NZ,1
2230,MH,PW,1
2231,PG,MH,1
2232,MH,WS,1
2233,MH,SB,1
2234,MH,TO,1
2235,MH,TV,1
2236,MH,VU,1
2237,MR,MU,1
2238,MR,MZ,1
2239,MR,,1
2240,MR,RW,1
2241,MR,ST,1
2242,MR,SN,1
2243,MR,SC,1
2244,MR,SL,1
2245,MR,SO,1
2246,MR,ZA,1
2247,MR,SS,1
2248,MR,SD,1
2249,MR,TG,1
2250,MR,UG,1
2251,MR,TZ,1
2252,MR,ZM,1
2253,MR,ZW,1
2254,MU,MZ,1
2255,MU,,1
2256,MU,RW,1
2257,MU,ST,1
2258,MU,SN,1
2259,MU,SC,1
2260,MU,SL,1
2261,MU,SO,1
2262,MU,ZA,1
2263,MU,SS,1
2264,MU,SD,1
2265,MU,TG,1
2266,MU,UG,1
2267,MU,TZ,1
2268,MU,ZM,1
2269,MU,ZW,1
2270,MX,NI,1
2271,MX,PA,1
2272,TT,MX,1
2273,MX,US,1
2274,FM,NR,1
2275,FM,NZ,1
2276,FM,PW,1
2277,PG,FM,1
2278,FM,WS,1
2279,FM,SB,1
2280,FM,TO,1
2281,FM,TV,1
2282,FM,VU,1
2283,MC,MA,1
2284,MC,NL,1
2285,MC,NO,1
2286,MC,PL,1
2287,MC,PT,1
2288,MD,MC,1
2289,MC,RO,1
2290,MC,RU,1
2291,MC,SM,1
2292,MC,SK,1
2293,MC,SI,1
2294,MC,ES,1
2295,MC,SE,1
2296,MC,CH,1
2297,MC,TN,1
2298,MC,TR,1
2299,MC,UA,1
2300,MC,GB,1
2301,MN,MM,1
2302,MN,NP,1
2303,MN,PK,1
2304,MN,PH,1
2305,MN,QA,1
2306,KR,MN,1
2307,MN,SA,1
2308,MN,SG,1
2309,MN,LK,1
2310,MN,TJ,1
2311,MN,TH,1
2312,MN,TL,1
2313,MN,TM,1
2314,AE,MN,1
2315,MN,UZ,1
2316,MN,VN,1
2317,MA,NL,1
2318,MA,NO,1
2319,MA,PL,1
2320,MA,PT,1
2321,MD,MA,1
2322,MA,RO,1
2323,MA,RU,1
2324,MA,SM,1
2325,MA,SK,1
2326,MA,SI,1
2327,MA,ES,1
2328,MA,SE,1
2329,MA,CH,1
2330,MA,TN,1
2331,MA,TR,1
2332,MA,UA,1
2333,MA,GB,1
2334,MZ,,1
2335,MZ,RW,1
2336,MZ,ST,1
2337,MZ,SN,1
2338,MZ,SC,1
2339,MZ,SL,1
2340,MZ,SO,1
2341,MZ,ZA,1
2342,MZ,SS,1
2343,MZ,SD,1
2344,MZ,TG,1
2345,MZ,UG,1
2346,MZ,TZ,1
2347,MZ,ZM,1
2348,MZ,ZW,1
2349,MM,NP,1
2350,MM,PK,1
2351,MM,PH,1
2352,MM,QA,1
2353,KR,MM,1
2354,MM,SA,1
2355,MM,SG,1
2356,MM,LK,1
2357,MM,TJ,1
2358,MM,TH,1
2359,MM,TL,1
2360,MM,TM,1
2361,AE,MM,1
2362,MM,UZ,1
2363,MM,VN,1
2364,,RW,1
2365,,ST,1
2366,,SN,1
2367,,SC,1
2368,,SL,1
2369,,SO,1
2370,,ZA,1
2371,,SS,1
2372,,SD,1
2373,,TG,1
2374,,UG,1
2375,,TZ,1
2376,,ZM,1
2377,,ZW,1
2378,NR,NZ,1
2379,NR,PW,1
2380,PG,NR,1
2381,NR,WS,1
2382,NR,SB,1
2383,NR,TO,1
2384,NR,TV,1
2385,NR,VU,1
2386,NP,PK,1
2387,NP,PH,1
2388,NP,QA,1
2389,KR,NP,1
2390,NP,SA,1
2391,NP,SG,1
2392,NP,LK,1
2393,NP,TJ,1
2394,NP,TH,1
2395,NP,TL,1
2396,NP,TM,1
2397,AE,NP,1
2398,NP,UZ,1
2399,NP,VN,1
2400,NL,NO,1
2401,NL,PL,1
2402,NL,PT,1
2403,MD,NL,1
2404,NL,RO,1
2405,NL,RU,1
2406,NL,SM,1
2407,NL,SK,1
2408,NL,SI,1
2409,NL,ES,1
2410,NL,SE,1
2411,NL,CH,1
2412,NL,TN,1
2413,NL,TR,1
2414,NL,UA,1
2415,NL,GB,1
2416,NZ,PW,1
2417,PG,NZ,1
2418,NZ,WS,1
2419,NZ,SB,1
2420,NZ,TO,1
2421,NZ,TV,1
2422,NZ,VU,1
2423,NI,PA,1
2424,TT,NI,1
2425,NI,US,1
2426,NO,PL,1
2427,NO,PT,1
2428,MD,NO,1
2429,NO,RO,1
2430,NO,RU,1
2431,NO,SM,1
2432,NO,SK,1
2433,NO,SI,1
2434,NO,ES,1
2435,NO,SE,1
2436,NO,CH,1
2437,NO,TN,1
2438,NO,TR,1
2439,NO,UA,1
2440,NO,GB,1
2441,PK,PH,1
2442,PK,QA,1
2443,KR,PK,1
2444,PK,SA,1
2445,PK,SG,1
2446,PK,LK,1
2447,PK,TJ,1
2448,PK,TH,1
2449,PK,TL,1
2450,PK,TM,1
2451,AE,PK,1
2452,PK,UZ,1
2453,PK,VN,1
2454,PG,PW,1
2455,PW,WS,1
2456,PW,SB,1
2457,PW,TO,1
2458,PW,TV,1
2459,PW,VU,1
2460,TT,PA,1
2461,PA,US,1
2462,PG,WS,1
2463,PG,SB,1
2464,PG,TO,1
2465,PG,TV,1
2466,PG,VU,1
2467,PY,PE,1
2468,PY,SR,1
2469,PY,UY,1
2470,PY,VE,1
2471,PE,SR,1
2472,PE,UY,1
2473,PE,VE,1
2474,PH,QA,1
2475,KR,PH,1
2476,PH,SA,1
2477,PH,SG,1
2478,PH,LK,1
2479,PH,TJ,1
2480,PH,TH,1
2481,PH,TL,1
2482,PH,TM,1
2483,AE,PH,1
2484,PH,UZ,1
2485,PH,VN,1
2486,PL,PT,1
2487,MD,PL,1
2488,PL,RO,1
2489,PL,RU,1
2490,PL,SM,1
2491,PL,SK,1
2492,PL,SI,1
2493,PL,ES,1
2494,PL,SE,1
2495,PL,CH,1
2496,PL,TN,1
2497,PL,TR,1
2498,PL,UA,1
2499,PL,GB,1
2500,MD,PT,1
2501,PT,RO,1
2502,PT,RU,1
2503,PT,SM,1
2504,PT,SK,1
2505,PT,SI,1
2506,PT,ES,1
2507,PT,SE,1
2508,PT,CH,1
2509,PT,TN,1
2510,PT,TR,1
2511,PT,UA,1
2512,PT,GB,1
2513,KR,QA,1
2514,QA,SA,1
2515,QA,SG,1
2516,QA,LK,1
2517,QA,TJ,1
2518,QA,TH,1
2519,QA,TL,1
2520,QA,TM,1
2521,AE,QA,1
2522,QA,UZ,1
2523,QA,VN,1
2524,KR,SA,1
2525,KR,SG,1
2526,KR,LK,1
2527,KR,TJ,1
2528,KR,TH,1
2529,KR,TL,1
2530,KR,TM,1
2531,KR,AE,1
2532,KR,UZ,1
2533,KR,VN,1
2534,MD,RO,1
2535,MD,RU,1
2536,MD,SM,1
2537,MD,SK,1
2538,MD,SI,1
2539,MD,ES,1
2540,MD,SE,1
2541,MD,CH,1
2542,MD,TN,1
2543,MD,TR,1
2544,MD,UA,1
2545,MD,GB,1
2546,RO,RU,1
2547,RO,SM,1
2548,RO,SK,1
2549,RO,SI,1
2550,RO,ES,1
2551,RO,SE,1
2552,RO,CH,1
2553,RO,TN,1
2554,RO,TR,1
2555,RO,UA,1
2556,RO,GB,1
2557,RU,SM,1
2558,RU,SK,1
2559,RU,SI,1
2560,RU,ES,1
2561,RU,SE,1
2562,RU,CH,1
2563,RU,TN,1
2564,RU,TR,1
2565,RU,UA,1
2566,RU,GB,1
2567,RW,ST,1
2568,RW,SN,1
2569,RW,SC,1
2570,RW,SL,1
2571,RW,SO,1
2572,RW,ZA,1
2573,RW,SS,1
2574,RW,SD,1
2575,RW,TG,1
2576,RW,UG,1
2577,RW,TZ,1
2578,RW,ZM,1
2579,RW,ZW,1
2580,WS,SB,1
2581,WS,TO,1
2582,WS,TV,1
2583,WS,VU,1
2584,SM,SK,1
2585,SM,SI,1
2586,SM,ES,1
2587,SM,SE,1
2588,SM,CH,1
2589,SM,TN,1
2590,SM,TR,1
2591,SM,UA,1
2592,SM,GB,1
2593,ST,SN,1
2594,ST,SC,1
2595,ST,SL,1
2596,ST,SO,1
2597,ST,ZA,1
2598,ST,SS,1
2599,ST,SD,1
2600,ST,TG,1
2601,ST,UG,1
2602,ST,TZ,1
2603,ST,ZM,1
2604,ST,ZW,1
2605,SA,SG,1
2606,SA,LK,1
2607,SA,TJ,1
2608,SA,TH,1
2609,SA,TL,1
2610,SA,TM,1
2611,AE,SA,1
2612,SA,UZ,1
2613,SA,VN,1
2614,SN,SC,1
2615,SN,SL,1
2616,SN,SO,1
2617,SN,ZA,1
2618,SN,SS,1
2619,SN,SD,1
2620,SN,TG,1
2621,SN,UG,1
2622,SN,TZ,1
2623,SN,ZM,1
2624,SN,ZW,1
2625,SC,SL,1
2626,SC,SO,1
2627,SC,ZA,1
2628,SC,SS,1
2629,SC,SD,1
2630,SC,TG,1
2631,SC,UG,1
2632,SC,TZ,1
2633,SC,ZM,1
2634,SC,ZW,1
2635,SL,SO,1
2636,SL,ZA,1
2637,SL,SS,1
2638,SL,SD,1
2639,SL,TG,1
2640,SL,UG,1
2641,SL,TZ,1
2642,SL,ZM,1
2643,SL,ZW,1
2644,SG,LK,1
2645,SG,TJ,1
2646,SG,TH,1
2647,SG,TL,1
2648,SG,TM,1
2649,AE,SG,1
2650,SG,UZ,1
2651,SG,VN,1
2652,SK,SI,1
2653,SK,ES,1
2654,SK,SE,1
2655,SK,CH,1
2656,SK,TN,1
2657,SK,TR,1
2658,SK,UA,1
2659,SK,GB,1
2660,SI,ES,1
2661,SI,SE,1
2662,SI,CH,1
2663,SI,TN,1
2664,SI,TR,1
2665,SI,UA,1
2666,SI,GB,1
2667,SB,TO,1
2668,SB,TV,1
2669,SB,VU,1
2670,SO,ZA,1
2671,SO,SS,1
2672,SO,SD,1
2673,SO,TG,1
2674,SO,UG,1
2675,SO,TZ,1
2676,SO,ZM,1
2677,SO,ZW,1
2678,ZA,SS,1
2679,ZA,SD,1
2680,ZA,TG,1
2681,ZA,UG,1
2682,ZA,TZ,1
2683,ZA,ZM,1
2684,ZA,ZW,1
2685,SS,SD,1
2686,SS,TG,1
2687,SS,UG,1
2688,SS,TZ,1
2689,SS,ZM,1
2690,SS,ZW,1
2691,ES,SE,1
2692,ES,CH,1
2693,ES,TN,1
2694,ES,TR,1
2695,ES,UA,1
2696,ES,GB,1
2697,LK,TJ,1
2698,LK,TH,1
2699,LK,TL,1
2700,LK,TM,1
2701,AE,LK,1
2702,LK,UZ,1
2703,LK,VN,1
2704,SD,TG,1
2705,SD,UG,1
2706,SD,TZ,1
2707,SD,ZM,1
2708,SD,ZW,1
2709,SR,UY,1
2710,SR,VE,1
2711,SE,CH,1
2712,SE,TN,1
2713,SE,TR,1
2714,SE,UA,1
2715,SE,GB,1
2716,CH,TN,1
2717,CH,TR,1
2718,CH,UA,1
2719,CH,GB,1
2720,TJ,TH,1
2721,TJ,TL,1
2722,TJ,TM,1
2723,AE,TJ,1
2724,TJ,UZ,1
2725,TJ,VN,1
2726,TH,TL,1
2727,TH,TM,1
2728,AE,TH,1
2729,TH,UZ,1
2730,TH,VN,1
2731,TL,TM,1
2732,AE,TL,1
2733,TL,UZ,1
2734,TL,VN,1
2735,TG,UG,1
2736,TZ,TG,1
2737,TG,ZM,1
2738,TG,ZW,1
2739,TO,TV,1
2740,TO,VU,1
2741,TT,US,1
2742,TN,TR,1
2743,TN,UA,1
2744,TN,GB,1
2745,TR,UA,1
2746,TR,GB,1
2747,AE,TM,1
2748,TM,UZ,1
2749,TM,VN,1
2750,TV,VU,1
2751,TZ,UG,1
2752,UG,ZM,1
2753,UG,ZW,1
2754,UA,GB,1
2755,AE,UZ,1
2756,AE,VN,1
2757,TZ,ZM,1
2758,TZ,ZW,1
2759,UY,VE,1
2760,UZ,VN,1
2761,ZM,ZW,1
